"species","habitat","structure_prob_cutoff","STRUCTURE","BAPS","DAPC","Av_groups","Fst_vcftools","Dxy_Mike_and_Oscar","Fst_Mike_and_Oscar","SNPs","loci","SNPs_per_locus","av_contig_length","total_bp","SNPs_per_bp","Av_UCE_gene_tree_length","D","theta","seg_sites","pairwise_diffs","nuc_div","seg_sites_per_bp","subtending_branch","stem_length","log.theta","species_sample","log.total_bp","mtDNA.branch.length","Beak.Length_Culmen_1","Beak.Length_Nares","Beak.Width_1","Beak.Depth_1","Tarsus.Length_1","Wing.Length_1","Kipps.Distance_1","Secondary1_1","Hand.wing.Index","Tail.Length_1","Habitat","Habitat.Density","Migration","Trophic.Level","Trophic.Niche","Primary.Lifestyle","Mass","Range.Size","haplotype.F_ST","nucleotide.F_ST","Nei.G_ST","Hudson.G_ST","Hudson.H_ST","Hudson.K_ST","Dxy","e_statistic","e_slope","a_statistic","a_slope","Nei.G_ST.pop","nucleotide.F_ST.pop","Dxy.pop","Sister_clade_richness","heterozygosity","inbreeding"
"Campephilus_melanoleucos","floodplain",2,2,2,1,1.67,0.26529,0.0152338,0.0161778,5657,2013,2.810233,543.9130651,1094897,0.005166696,0.003351457,-1.701169351,2196.217341,8006,1290.112554,0.001287488,0.007450929,NA,NA,3.339375484,"Campephilus_melanoleucos_LSUMNS26102",6.039373266,0.012305,45.6375,34.55,12.1714285714286,12.5428571428571,32.75,184,40.6538461538462,144.815384615385,21.8769230769231,119.392857142857,1,1,1,3,4,3,256,11099024.68,0.115689163791599,0.124112932387484,0.344491762220775,0.112222029135627,0.832834331337325,0.502703368956672,0.000701743162520044,-0.032266,0.0110751,0.143714,0.00354788,0.223420436751944,0.240561234082225,0.00091332586619319,1,0.135563055,0.184235455
"Campephilus_rubricollis","upland",2,3,1,2,1.67,0.1481,0.017084178,0.018210512,6286,2002,3.13986,547.5064935,1096108,0.005734836,0.00420996,-1.840579029,2929.204192,10678,1621.744589,0.00168255,0.009741741,NA,NA,3.466749647,"Campephilus_rubricollis_AMNH3870",6.039853347,0.153775,46.34,35.2,10.72,11.7,35.0090909090909,179.090909090909,31.94,146.16,17.92,123.363636363636,1,1,1,3,4,3,210.7,6911322.08,0.105807763734431,0.111335997614467,0.353062772901664,0.102419001116912,0.877571500250878,0.521261746901114,0.00086022519449874,-0.195764,0.0819819,-0.0343676,0.0774582,0.0904135671575573,0.0697642394805666,0.000910323052291004,4,0.140376991,0.134076364
"Cantorchilus_leucotis","floodplain",3,2,2,2,2,0.2349,0.013718867,0.01448178,9635,2108,4.570683,589.721537,1243133,0.007750579,0.005764963,-1.543682345,3952.093827,14021,2498.594737,0.00216913,0.010662576,NA,NA,3.560639463,"Cantorchilus_leucotis_FMNH389261",6.094517595,0.07832,18.8333333333333,12.4428571428571,3.53333333333333,3.77333333333333,22.0285714285714,62.0666666666667,7.5875,54.7875,12.175,48.1333333333333,1,2,1,3,4,3,19.4,8709608.57,0.174083139063004,0.172980988996728,0.39636484069494,0.166286211054141,0.900712589073634,0.560263680654882,0.001221363803187,-0.567823,0.239964,-0.310359,0.242887,0.131108289921531,0.133702862464753,0.0013175014556054,1.5,0.141582839,0.26479
"Celeus_flavus","floodplain",1,1,1,1,1,0.045639,0.012779335,0.013571457,3507,2007,1.747384,563.9197808,1131787,0.00309864,0.002752645,-1.265167464,1429.642671,5072,998.5947368,0.00094733,0.004481409,NA,NA,3.155227502,"Celeus_flavus_KU675",6.053764701,0.002141,28.4818181818182,22.5,8.3,8.94285714285714,25.8,140.227272727273,26.37,114.48,18.73,90.9545454545455,1,1,1,3,4,3,147.3,6163251.01,0.0589851550549099,0.0601438457347328,0.272999647453756,0.0578992583241266,0.711365902293121,0.419308409502007,0.000570492868571295,-0.0682439,0.0336172,-0.0390072,0.0402253,0.056322629346385,0.0233042278734406,0.00058123964389693,2,0.217301873,0.049212222
"Celeus_grammicus","upland",3,2,1,1,1.67,0.13474,NA,NA,6690,1988,3.365191,573.0583501,1139240,0.005872336,0.004627848,-1.514721574,2828.253907,10310,1789.341991,0.00171323,0.009049893,NA,NA,3.451518396,"Celeus_grammicus_MPEG13886",6.056615225,0.0049,24.8294117647059,17.225,6.87692307692308,6.44615384615385,20.6470588235294,122.794117647059,27.71875,95.8125,22.475,71.0294117647059,1,1,1,3,4,3,64.5,5521579.18,0.100624559379907,0.105813626073879,0.349367735500131,0.0969884149092607,0.87871162556618,0.519375111630067,0.00102145199795367,-0.115385,0.0556824,-0.0187498,0.064538,0.106541338392301,0.0744631489005648,0.00117910717780123,1,0.167672136,0.105184545
"Conirostrum_bicolor","island",1,1,1,2,1.33,0.098376,0.001189885,0.001194174,7991,2157,3.704682,737.7176634,1591257,0.005021816,0.003257715,-0.883582594,2334.178551,7423,1879.879121,0.0012413,0.004664866,NA,NA,3.368134074,"Conirostrum_bicolor_9_LSU7282",6.201740327,0.00366,13.7857142857143,8.275,3.32,3.55714285714286,18.1142857142857,62.0571428571429,12.2,48.175,20.2,46.8428571428571,2,2,1,3,4,3,10.5,566641.85,0.0719197876937138,0.0733742691148339,0.322926205416378,0.0706026167602483,0.836042731072921,0.506714742197162,0.000892549388814343,-0.0582181,0.0443121,-0.00119938,0.0442609,0.107358794096296,0.054919600575804,0.0008963975134283,1,0.195134409,0.143780278
"Conirostrum_margaritae","island",1,1,1,1,1,0.007834,0.000653632,0.000656233,1430,2078,0.688162,727.1308951,1510978,0.000946407,0.001440006,-0.472937216,1058.292011,2744,967.3571429,0.00067018,0.001816042,NA,NA,3.024605518,"Conirostrum_margaritae_16_Goeldi15984",6.179258141,0.001231,13.125,7.975,3.575,3.675,16.25,59.75,12.175,47.575,20.425,40.875,1,2,2,3,4,3,9.7,77630.04,0.0248467796109764,0.0247257333925766,0.199842848945961,0.0321772509511761,0.532398452611219,0.345438186414747,0.000543527938999795,0.0775081,-0.00375565,0.10821,-0.00649683,0.0818535162626255,-0.00234025536147667,0.000541980096201608,1,0.388523519,0.03734
"Cranioleuca_vulpecula","island",1,1,1,1,1,0.074088,0.000553476,0.000555285,1636,2145,0.762704,736.9067599,1580665,0.001035007,0.001801642,-0.808782519,1021.969593,3250,839.8461538,0.00057614,0.002056097,0.005021217,0.003219575,3.009437974,"Cranioleuca_vulpecula_25_INPA_A123",6.198839837,0.000268,17.2,10.9428571428571,3.4125,4.2125,19.9375,69.65,10.2285714285714,58.8142857142857,14.7571428571429,62.8,1,2,1,3,4,3,18.9,340457.78,0.0535542455872218,0.0534515649387214,0.231292139067445,0.0542666138217909,0.588483146067416,0.35986578808408,0.000413045757578975,-0.0195361,0.0222037,0.0498066,0.0203256,0.0745708662643246,0.0333669844718449,0.000420966815183341,2,0.271633776,0.069024286
"Crypturellus_undulatus","floodplain",2,4,2,3,2.33,0.37167,0.009880672,0.010322705,6513,2040,3.192647,566.7539216,1156178,0.005633216,0.004561507,-1.222370764,2418.337835,8318,1728.594771,0.00158963,0.007194394,NA,NA,3.38351697,"Crypturellus_undulatus_MPEG14258",6.063024701,0.068399,34,12.425,6.02,5.76,47.9571428571429,172.5,34.95,137.8,20.2666666666667,56.6428571428571,1,1,1,1,3,2,564.4,8533511.59,0.209649094091982,0.23119783667006,0.412224709849179,0.200401556792314,0.881256133464181,0.577075652173226,0.00116593706731677,-0.443542,0.20911,-0.30591,0.329886,0.238681871444051,0.242783460222966,0.00134545985412776,NA,0.145260791,0.310002222
"Crypturellus_variegatus","upland",2,3,2,2,2,0.26527,0.014124068,0.015128269,11149,2070,5.38599,547.9487923,1134254,0.009829368,0.007586387,-1.151852546,4051.87567,14375,2939.936842,0.00279079,0.012673528,NA,NA,3.607656111,"Crypturellus_variegatus_INPA131",6.05471032,0.155614,33.6444444444444,13.6875,5.2875,4.975,41.1111111111111,155.444444444444,50.1,105.52,32.24,44.5555555555556,1,1,1,1,3,2,378,5436849.92,0.165705136198725,0.189163186450292,0.40233964520312,0.158004139533245,0.934235976789168,0.583979994625172,0.00159324526345647,-0.39487,0.172354,-0.143627,0.188673,0.122911399430331,0.139724211292216,0.00179316072265017,NA,0.141755644,0.229658
"Dendroplex_kienerii","island",1,1,1,1,1,0.082962,0.0011966,0.001200135,2905,2055,1.413625,726.2418491,1492427,0.001946494,0.003560658,-0.898983196,2084.81797,6630,1671.967033,0.00128451,0.004442428,0.008540308,0.00497965,3.319068142,"Dendroplex_kienerii_26_LSU80430",6.173893097,0.002311,29.9333333333333,21.0142857142857,4.9125,6.375,20.625,99.425,17.9,81.0142857142857,18.0714285714286,86.6666666666667,1,1,1,3,4,3,45,237821.16,0.0810177018962849,0.0859597921235654,0.294543963745989,0.0791692171311649,0.734158415841584,0.453440499666558,0.000700761719784768,-0.0796196,0.0553402,0.0111024,0.0635786,0.0828876962256081,0.0422461963507024,0.000725052434957853,1,0.265335149,0.104157143
"Elaenia_pelzelni","island",1,1,2,1,1.33,NA,0.001422209,0.001426716,1914,2103,0.910128,721.4736091,1517259,0.001261485,0.001381685,-0.390453259,1345.636364,2467,1295.666667,0.00149741,0.001625958,0.003063465,0.00168178,3.128927715,"Elaenia_pelzelni_36_Goeldi22693",6.181059722,NA,13.875,8.425,5.15,4.4,21.925,88.275,13.55,74.775,15.3,74.55,1,1,1,2,4,3,27.3,311569.85,-0.0216490573855397,-0.0170356138010509,0.241765071472965,0.0251857113261713,0.69608452454941,0.526643265848731,0.0013511444736478,NA,NA,NA,NA,0.241765071472963,-0.0170356138010508,0.0013511444736478,2,0.545859539,-0.005795
"Formicarius_analis","floodplain",2,2,1,2,1.67,0.2652,0.00934451,0.00965288,11601,2088,5.556034,587.98659,1227716,0.009449254,0.004800255,-1.908780392,3984.51872,14525,2140.220779,0.00184413,0.013250621,0.013530718,0.008529081,3.639125946,"Formicarius_analis_INPA1349",6.089097916,0.088378,21.7615384615385,13.3689655172414,5.63,6.01333333333333,32.44,89.2566666666667,14.7733333333333,74.6294117647059,16.64,56.78,1,1,1,3,4,2,62.2,5715479.2,0.177350334834947,0.195038664083168,0.413385168464226,0.169661869734524,0.94990366088632,0.590884048641593,0.00124116485259996,-0.26416,0.115207,0.0352782,0.129375,0.139214660057554,0.150399045682343,0.00137613388338963,1,0.100772418,0.292622727
"Formicarius_colma","upland",2,2,2,2,2,0.51849,0.0163468,0.01743418,7051,2058,3.426142,586.1710398,1206340,0.005844953,0.004618859,-1.482545741,2754.461444,10041,1764.142857,0.001622455,0.008657592,0.016863502,0.011506552,3.446658646,"Formicarius_colma_MPEG14939",6.081469728,0.053042,21.5428571428571,12.11,5.11666666666667,5.27692307692308,29.8538461538462,85.0384615384615,16.2714285714286,69.3,18.9857142857143,53.3692307692308,1,1,1,3,4,2,47,6982041.19,0.245657032971783,0.266496107022092,0.436551038881398,0.237987801064334,0.884220810942843,0.58792634535356,0.000882346255197965,-0.903961,0.372801,-0.864582,0.639632,0.219551325081327,0.24387433050182,0.00119164984264635,3,0.099098847,0.427319091
"Furnarius_minor","island",1,1,2,1,1.33,0.12384,0.000721322,0.00072513,1792,2209,0.811227,708.7211408,1565565,0.001144635,0.001526601,-0.988387977,1312.492636,3713,1054.222222,0.00072441,0.002371668,0.004652652,0.003126051,3.118096875,"Furnarius_minor_44_Goeldi16304",6.194671104,0.006435,19.28,12.9125,3.34444444444444,3.84444444444444,24.7666666666667,73.7222222222222,9.925,64.0375,13.4375,50.2,3,1,1,3,4,2,25.8,319149.09,0.0411718191236993,0.0399025555119451,0.234300652235253,0.0439957858404019,0.613970588235294,0.385537219752251,0.000576664809083662,-0.0554002,0.0372266,-0.0701528,0.0493607,0.12007702479209,0.0264568573192772,0.000594107719601436,1,0.278439539,0.01269
"Glaucidium_brasilianum","floodplain",3,2,1,3,2,0.13117,0.02191046,0.0235453,2167,2127,1.018806,546.9026798,1163262,0.001862865,0.002201597,-1.775019567,1675.592616,5560,999.0333333,0.000980878,0.005855087,NA,NA,3.283259138,"Glaucidium_brasilianum_LSUMNS75626",6.065677541,0.017741,14.92,10.025,7.08888888888889,10.5733333333333,18.04,94.12,16.8,77.3153846153846,17.8846153846154,63.4466666666667,3,2,1,3,4,3,63.3,14375175.98,0.0386274070839137,0.0371140481148146,0.232792931717691,0.0378398739723285,0.627674750356633,0.367588306389044,0.0004719962812022,-0.051284,0.0312351,-0.164844,0.103126,0.160388723430511,0.0350575849240185,0.000740035424777645,1,0.169891413,0.13427875
"Glaucidium_hardyi","upland",1,1,1,1,1,0.11724,0.018894587,0.020483907,3711,2146,1.729264,582.9627213,1251038,0.002966337,0.00243268,-0.566334991,1102.673921,3912,953.8315789,0.00096064,0.003127003,NA,NA,3.042447103,"Glaucidium_hardyi_LSUMNS40662",6.097270501,0.050608,14.65,8.925,6.43333333333333,8.925,18.925,89.5,17.95,71.6,20.075,48,1,1,1,3,4,3,58.3,4691899.43,0.0519596567329354,0.0528251078650311,0.239702342401202,0.0507384824886244,0.625763986835919,0.365252738169249,0.000320120818446415,-0.0406811,0.0278223,0.0748596,0.0269469,0.0530755806066854,0.0305271010698327,0.000324801668927795,2,0.145251602,0.111524
"Hylophylax_naevia","upland",4,4,2,3,3,0.54736,0.01394673,0.014600593,11906,2107,5.650688,580,1222060,0.009742566,0.01057422,-0.701811321,4970.413996,17096,4156.601307,0.00366142,0.013989493,0.010011768,-0.000562452,3.696392564,"Hylophylax_naevia_MPEG10842",6.087092529,0.149532,16.0071428571429,9.204,4.74615384615385,3.76153846153846,20.2192307692308,58.1,8.14666666666667,50.0736842105263,14.1266666666667,39.7769230769231,1,1,1,3,4,3,14.2,5848723.89,0.426545084274416,0.533313309683726,0.563374627897501,0.408822333247626,0.958630527817404,0.742547312872898,0.0024862259532749,-2.61404,1.06971,-1.09406,1.14102,0.293771653036535,0.407669156475069,0.00280805924687542,1,0.092470382,0.624096667
"Hylophylax_punctulata","floodplain",2,1,1,2,1.67,0.12051,0.013525489,0.014209569,7643,2107,3.6498,589.6687233,1242432,0.006304,0.00457305,-1.46354717,3227.745449,11102,2125.581699,0.00184047,0.0089357,0.011986995,0.007413945,3.508899277,"Hylophylax_punctulata_FMNH457204",6.094272629,0.041158,16.68,9.95,4.76666666666667,4.13333333333333,17.2444444444444,59.0888888888889,8.075,51.725,13.425,31.4222222222222,1,1,1,3,4,3,12.4,3128205.43,0.134198643301467,0.144900017076244,0.37594246266889,0.127772037619511,0.903763696998571,0.555604835724082,0.00119459039020012,-0.237435,0.109329,-0.0603923,0.108484,0.09776586472597,0.0796835356210879,0.00125074816904939,2,0.162324953,0.152702222
"Knipolegus_orenocensis","island",3,3,3,3,3,0.43452,0.001621509,0.001627089,5874,2149,2.733364,704.8548162,1514733,0.003877911,0.006468523,-0.957737773,3146.781649,11751,2404.753623,0.00170764,0.007757803,0.005845748,-0.000622775,3.497866609,"Knipolegus_orenocensis_46_COP882",6.180336087,0.003016,16.8,9.925,5.35,4.05,20.075,71.75,12.525,59.225,17.45,67.25,3,2,1,3,4,3,19,255299.56,0.222124198777175,0.247334926802588,0.420087610022828,0.214705527987305,0.885406922357343,0.575882644982496,0.000989343159409501,-0.30894,0.136866,-0.251876,0.287408,0.272859221165306,0.304187606199944,0.00127563197506044,1,0.158502807,0.292607273
"Leucippus_chlorocercus","island",1,1,1,1,1,0.045538,0.001009845,0.001014322,2326,1927,1.207058,715.1966788,1378184,0.001687728,0.001917223,-0.729173143,1584.738292,4109,1374.821429,0.00103774,0.00298146,NA,NA,3.199957552,"Leucippus_chlorocercus_58_LSU7264",6.139307204,NA,19.55,14.825,2.375,2.05,5.875,56.125,34.05,22.075,60.675,35.25,3,1,1,1,2,1,4.6,173795.89,0.0163135830683884,0.0224127320865798,0.252320132626865,0.0248851939311248,0.703916449086162,0.451353782360702,0.000867139770386231,0.0236997,0.0262899,-0.0124199,0.045771,0.13871725749195,0.00747159235387015,0.000903741133166068,40,0.358026104,0.0191475
"Mazaria_propinqua","island",1,1,1,1,1,-0.031166,0.002085698,0.002107563,3094,2168,1.427122,739.8929889,1604088,0.001928822,0.002436148,-1.231947256,6116.852446,21701,4321.6,0.00341654,0.01352856,0.008477749,0.006041601,3.786528004,"Mazaria_propinqua_135_LSU43083",6.20522819,0.000354,17.3,11.5625,3.15555555555556,3.62222222222222,21.8333333333333,58.8444444444444,6.425,52.6625,10.8375,69.75,3,1,1,3,4,3,19.9,531677.41,0.0178679751683384,0.0121797312511414,0.296652124631869,0.019175358563298,0.850844277673546,0.485486077625522,0.001128614022623,0.0110709,0.00736059,-0.0427887,0.0149744,0.0805533045588899,0.0175341305103446,0.000764969414902432,1,0.208282381,0.114385
"Megascops_choliba","floodplain",1,1,1,1,1,0.033351,0.010035,0.0105154,3370,2109,1.597914,587.3091513,1238635,0.002720737,0.001576633,-1.639733,1214.695277,4428,731.5281385,0.000632095,0.003875234,NA,NA,3.099637631,"Megascops_choliba_AMNH4811",6.092943348,0.009314,21.7818181818182,12.1,6.95625,11.7157894736842,30.0272727272727,162.780952380952,33.6222222222222,124.544444444444,21.0333333333333,91.252380952381,4,2,1,3,4,3,132,13065137.78,0.0466598057854251,0.0484911052141883,0.259287971606686,0.0459079704179609,0.692822966507177,0.397622234186301,0.000381909765481978,-0.070156,0.0322783,-0.00726075,0.0356679,0.0396711023140161,0.0118990513828969,0.000382129713936478,1,0.142322354,0.066282727
"Megascops_watsonii","upland",1,1,1,1,1,0.093381,0.011500152,0.012027073,6389,2145,2.978555,588.6307692,1262613,0.005060141,0.002896046,-1.975461273,2709.198408,9876,1411.298701,0.00125041,0.007821874,NA,NA,3.432840812,"Megascops_watsonii_AMNH3868",6.101270257,0.026877,23.225,13.3,8.2,13.3,34.22,165.6,43,127.25,25.25,90.6,1,1,1,3,4,3,129,6312593.48,0.0640715349544807,0.0639663354054038,0.325696589814103,0.0621284817580024,0.867070895522388,0.497401324551072,0.000724049748803451,-0.00531898,0.00720815,0.0488251,0.00905446,0.0855688421621572,0.0414985533657894,0.000786698154494444,1,0.141377304,0.054198182
"Monasa_morphoeus","upland",4,3,2,4,3.33,0.28447,0.006949532,0.007179633,6331,1872,3.381944,571.8632479,1070528,0.005913904,0.003633646,-1.601467424,2187.308188,7760,1352.642105,0.00133749,0.007248759,NA,NA,3.339909979,"Monasa_morphoeus_AMNH12750",6.029598031,0.045167,36.98,25.94,9.11666666666667,11.2333333333333,19.2166666666667,125.5,27.56,98.44,21.92,114.333333333333,1,1,1,3,4,3,87.9,5210334.01,0.188832462528346,0.206986977847358,0.404218485591863,0.181959990557442,0.888649811726735,0.56865412864572,0.000941979899706194,-0.477433,0.204391,-0.0876598,0.216404,0.224650002524046,0.176118542704954,0.000976065703728838,NA,0.124619539,0.289808
"Monasa_nigrifrons","floodplain",3,3,1,2,2,0.16038,0.009216261,0.009603004,6873,2069,3.321895,583.4229096,1207102,0.005693802,0.004264978,-1.345113549,2443.655267,8908,1646.502165,0.001434087,0.007439305,NA,NA,3.381068119,"Monasa_nigrifrons_LSUMNS42834",6.081743969,0.010229,37.5,28.15,9.5,12.125,21.2,127.75,21.425,106.325,16.75,118.75,1,1,1,3,4,3,80.7,7021917.73,0.127828601405627,0.1331208234817,0.362491900105356,0.123913174613253,0.866473149492017,0.524496214355403,0.00092561653374961,-0.276819,0.123963,-0.136326,0.140085,0.0862734491791958,0.0818607649059962,0.000988758904293232,NA,0.159130767,0.140962727
"Myrmeciza_fortis","upland",2,2,2,2,2,0.46484,0.01103183,0.011493725,6339,2103,3.014265,585.9472183,1232247,0.005144261,0.005058322,-1.090284412,2462.583446,8977,1811.445887,0.0016149,0.007285065,0.006725954,0.001667632,3.391390956,"Myrmeciza_fortis_INPA431",6.09069777,0.019702,23.175,13.5888888888889,5.41111111111111,6.56666666666667,34.0777777777778,81.5222222222222,8.96,74.4,10.7,62.9333333333333,1,1,1,3,4,3,45.9,1945728.92,0.293269865111439,0.320054097017648,0.463098929581794,0.283827625913432,0.884265901482544,0.608762990185572,0.00102424576142704,0.00322135,0.00736514,0.629366,0.0967092,0.198672386080906,0.247035007518173,0.00132798138285773,2,0.120747258,0.426474545
"Myrmeciza_hyperythra","floodplain",1,1,1,1,1,0.058035,0.013562604,0.014353366,4381,2120,2.066509,571.0481132,1210622,0.003618801,0.003145197,-1.311638382,1721.366951,6275,1173.748918,0.00110611,0.005183286,0.009731957,0.00658676,3.235873461,"Myrmeciza_hyperythra_FMNH433423",6.083008562,0.005293,24.94,14.3875,5.27777777777778,6.22222222222222,29.2444444444444,76.8333333333333,4.6,73.25,6.075,56.1555555555556,1,1,1,3,4,3,41,1642348.58,0.0795205385813958,0.0789389034182907,0.311226390789044,0.0778080026441142,0.792003807710614,0.463693353578377,0.000591445911109651,-0.0743746,0.0484038,0.0216613,0.0594196,0.0619424320707965,0.0283323598831818,0.000617769448725199,4,0.169096846,0.104174545
"Myrmoborus_leucophrys","floodplain",3,2,2,3,2.67,0.2226,NA,NA,9508,2120,4.484906,588.3113208,1247220,0.007623354,0.004352389,-1.728394137,3566.452866,13001,2071.640693,0.00175931,0.010423983,0.006498883,0.002146494,3.552236489,"Myrmoborus_leucophrys_INPA32",6.095943066,0.051249,18.0333333333333,10.7833333333333,4.52631578947368,4.66315789473684,25.1947368421053,64.9421052631579,8.72307692307692,56.4294117647059,13.6307692307692,43.8157894736842,1,1,1,3,4,3,21.5,5113605.96,0.182837573782877,0.201574573838891,0.41442939707502,0.175332360053214,0.940926275992439,0.588873840549027,0.00121632453804651,-0.466831,0.198162,-0.164878,0.202756,0.170138646718737,0.162750754094361,0.00121116407742247,1,0.124202428,0.231985455
"Myrmoborus_lugubris","island",3,3,2,3,2.67,0.19539,0.001294573,0.001299511,3280,2219,1.478143,585.0292925,1298180,0.002526614,0.004023307,-0.960161402,2127.038253,7058,1662.5,0.00140873,0.005436842,0.005824775,0.001801468,3.3277753,"Myrmoborus_lugubris_76_LSU93417",6.113334914,0.0052,19.45,11.625,4.95,5.2125,26.5375,66.6875,8.275,59.175,12.55,39.9,1,1,1,3,4,3,21.4,290798.01,0.17204079957456,0.178485733492018,0.357361852623425,0.164943555222489,0.772357723577236,0.502687001058783,0.000824650789010658,-0.05738,0.0545499,0.197765,0.11709,0.163819227979666,0.126950297698619,0.000866218412649718,1,0.188397894,0.25126125
"Myrmoborus_myotherinus","upland",4,4,2,4,3.33,0.40495,0.010629143,0.011106112,10230,2092,4.890057,585.5946463,1225064,0.008350584,0.005921134,-1.453199045,3950.777184,14402,2558.558442,0.00222882,0.01175612,0.011409611,0.005488477,3.596682537,"Myrmoborus_myotherinus_MPEG3884",6.088158778,0.085206,17.9,10.1709677419355,4.2375,4.578125,25.696875,61.9969696969697,9.22083333333333,53.375,14.8083333333333,40.0516129032258,1,1,1,3,4,3,18.8,4778353.33,0.303342820045661,0.351970123322036,0.485435699436052,0.291270022236001,0.951149425287356,0.653950371377055,0.00151870358276197,-0.974736,0.406562,-0.225337,0.419848,0.284827965373858,0.311924646335608,0.00165088184783752,4,0.103532628,0.428328182
"Myrmochanes_hemileucus","island",1,1,1,1,1,0.059581,0.001269626,0.001279088,1463,2155,0.678886,696.1364269,1500174,0.00097522,0.001704436,-1.383421126,4913.464391,16304,3367.583333,0.00249751,0.010868073,0.011518587,0.009814151,3.691387813,"Myrmochanes_hemileucus_78_LSU43093",6.176141634,0.001229,18.78,11.0714285714286,4.11428571428571,3.4,20.8857142857143,53.6142857142857,7.38,47.1142857142857,13.64,33.7428571428571,3,2,1,3,4,3,12.5,261134.97,0.0430980178001638,0.0351686291022384,0.276124421649127,0.0430927630181416,0.745581395348837,0.440353785582946,0.00083797336516637,-0.0411051,0.0327041,-0.0355252,0.0471965,0.0725375550888137,0.0143814048010929,0.000931521851656285,1,0.246746844,0.130281667
"Myrmotherula_assimilis","island",1,1,1,1,1,0.062943,0.001371253,0.001375785,3433,2159,1.590088,594.3668365,1283238,0.002675264,0.003709008,-0.930131008,2203.995347,7009,1752.428571,0.00147209,0.005461964,0.014992278,0.01128327,3.343210673,"Myrmotherula_assimilis_85_LSU23703",6.108307212,0.016873,15.56,9.46666666666667,3.51428571428571,3.31428571428571,16.4,51.4571428571429,6.65,45.6666666666667,12.7,29.4714285714286,1,1,1,3,4,3,9.3,412230.35,0.0969452890667688,0.0988253289605558,0.324907500290374,0.0939224039580159,0.799628942486085,0.495029798485413,0.000941479504393155,-0.0889331,0.0565164,-0.0154395,0.074758,0.101455971434896,0.0452906351575624,0.000969867452575386,1,0.228476911,0.106605714
"Myrmotherula_klagesi","island",1,1,1,1,1,0.032622,0.001631731,0.001638037,3703,2108,1.756641,684.9065465,1443783,0.00256479,0.00532093,-0.604678623,2681.019308,8526,2323.934066,0.00179474,0.00590532,0.005205648,-0.000115282,3.428299942,"Myrmotherula_klagesi_96_LSU25562",6.159501924,0.001932,15.25,8.95,3.5,3.175,16.225,46.8625,5.1,42.85,10.725,28.6125,1,1,1,3,4,3,7.8,56287.31,0.0983141044923194,0.0991225002633516,0.336358263843133,0.0954724864077379,0.830878859857482,0.513453321107423,0.00104701606270263,-0.0117729,0.0343574,0.0797675,0.0342213,0.0861979872586417,0.033045386405083,0.00106487167534403,1,0.251918952,0.08936
"Ochthornis_littoralis","island",1,1,1,1,1,0.026768,0.000993833,0.00099635,3335,2170,1.536866,728.4101382,1580650,0.002109892,0.003214448,-0.898951703,1775.956915,6474,1388.74026,0.00105881,0.004095783,0.023221472,0.020007024,3.249432426,"Ochthornis_littoralis_115_MPEG_T1998",6.198835716,0.004117,14.46,8.225,4.62,3.24,17.24,70.2,12.3,57.45,17.625,54.6,5,3,1,3,4,3,13.4,4562555.95,0.0279368298845659,0.0284769111514619,0.178019163958525,0.0282516458372045,0.478530534351145,0.273159217109375,0.000179379760906988,-0.0244134,0.0181587,-0.00958805,0.0232072,0.0295001932519027,0.00773084356093022,0.000184510236167433,5,0.201835269,0.035375833
"Phaethornis_bourcieri","upland",3,3,3,4,3.33,0.5448,0.00965595,0.010010733,9184,2087,4.400575,577.6200287,1205493,0.00761846,0.00694889,-1.011961799,3542.819151,12569,2688.636842,0.00235658,0.01042644,NA,NA,3.549348984,"Phaethornis_bourcieri_AMNH11853",6.081164693,0.175535,34.6307692307692,29.2833333333333,2.56153846153846,2.63846153846154,4.31666666666667,56.7692307692308,38.025,18.6416666666667,67.2166666666667,61.2692307692308,1,1,1,1,2,1,4.65,4579261.05,0.369960793184463,0.436382516818089,0.516136681851521,0.355668513675094,0.918347742555235,0.676052222355167,0.00170362684823516,-0.923674,0.406963,0.110487,0.501174,0.352023075488179,0.4095465360603,0.0019074079861768,4,0.098235821,0.551581
"Phaethornis_hispidus","floodplain",1,1,1,1,1,0.043328,NA,NA,7099,2080,3.412981,577.5447115,1201293,0.005909466,0.004229065,-1.558056374,2785.459765,10154,1732.991342,0.0015605,0.008452559,NA,NA,3.44489689,"Phaethornis_hispidus_MPEG13967",6.079648946,0.002263,34.425,27.7875,2.6,2.51111111111111,4.35555555555556,54.1111111111111,32.2666666666667,21.8555555555556,59.6666666666667,56.4375,1,1,1,1,2,1,5,4008483.06,0.0805160972768282,0.0819420702625841,0.337897572216296,0.0776116573703335,0.878671160327395,0.510115456581999,0.00094626940357191,-0.0641461,0.0325776,-0.0363538,0.050506,0.0610847442265669,0.031806622394874,0.000953471719256307,7,0.162439951,0.07061
"Pheugopedius_coraya","upland",3,2,1,2,1.67,0.14746,0.010398151,0.010772869,14067,2067,6.805515,582.9269473,1204910,0.011674731,0.007197537,-1.874352138,6007.913562,21901,3277.359307,0.002864804,0.018408014,NA,NA,3.773753324,"Pheugopedius_coraya_AMNH4240",6.080954609,0.266024,18.975,11.895652173913,4.0125,4.63611111111111,23.2263157894737,61.3368421052632,6.47142857142857,54.9964285714286,10.5928571428571,56.5472222222222,1,1,1,3,4,3,18.2,10137965.39,0.278539377359099,0.315303492823425,0.475040388949278,0.265763284688339,0.974196689386563,0.648660685269536,0.00194553355976203,-0.0815715,0.0404534,0.564327,0.0238579,0.099692030327651,0.108066223101355,0.00207884439297886,2,0.096210295,0.357655455
"Piaya_cayana","floodplain",1,1,1,1,1,0.032799,0.010618037,0.011032819,11862,2069,5.733204,587.9797003,1216530,0.009750684,0.006165309,-1.763483197,4588.83728,16280,2660.894737,0.002338224,0.013186687,NA,NA,3.633050295,"Piaya_cayana_LSUMNS72132",6.085122823,0.012583,31.795652173913,18.4066666666667,8.5,10.4916666666667,34.6115384615385,145.907142857143,16.1565217391304,129.817391304348,11.095652173913,279.092857142857,1,1,1,3,4,3,102,13448425.2,0.0495801434965693,0.0516028399405681,0.339776448029052,0.0484148927992164,0.931818181818182,0.532361729205514,0.00140921762567512,-0.000211405,0.00500728,0.008624,0.00704144,0.139121798620418,0.0313872106536704,0.00144950164999598,1,0.13159579,0.106789
"Piaya_melanogaster","upland",2,2,2,2,2,0.087115,0.017807139,0.018845468,6550,1892,3.461945,570.0808668,1078593,0.006072726,0.004555178,-2.246723504,6437.775237,23468,2930.593074,0.00315072,0.021757975,NA,NA,3.80873581,"Piaya_melanogaster_INPA1392",6.032857597,0.006746,34.4777777777778,20.775,8.44444444444444,10.7,34.3222222222222,134.777777777778,11.95,123.3125,8.825,212.444444444444,1,1,1,3,4,3,102.8,4840731.88,0.0696803198628196,0.0472658066142544,0.361468292411997,0.0674427543246435,0.966083730789613,0.544342868512648,0.00154892522266734,-0.195543,0.0871719,-0.241129,0.141653,0.0986134729056886,0.0530963000639083,0.00118614734807399,1,0.114958736,0.313193
"Pipra_erythrocephala","upland",3,2,1,2,1.67,0.21601,0.01057335,0.011004421,10659,2117,5.034955,590.3122343,1249691,0.008529308,0.004896093,-1.883957978,3880.002256,14144,2107.428571,0.001799721,0.006828088,0.005771845,0.001216667,3.381150003,"Pipra_chloromeros_KU18533",6.096802642,0.077605,11.1948453608247,6.87142857142857,4.05,4.03636363636364,13.9339622641509,60.3831775700935,11.025,48.25,18.625,28.6010638297872,1,1,1,1,1,3,13.9666666666667,7320542.32,0.126957248555931,0.141486923605323,0.37717344488891,0.122516128208397,0.915918752952291,0.55357545159748,0.00107170965005323,-0.134994,0.0597511,0.0203886,0.0759852,0.136844717538612,0.126138748404363,0.00115375376901604,1,0.108727617,0.192468182
"Pipra_filicauda","floodplain",3,3,2,4,3,0.2716,0.011162577,0.011714226,6416,2146,2.989748,582.4692451,1249979,0.005132886,0.00380021,-1.968035203,4154.657693,15854,2114.784615,0.00184339,0.012683413,0.007756716,0.003956506,3.618535248,"Pipra_aureola_MPEG1199",6.096902717,0.062354,13.5125,7.27851239669421,4.06048387096774,3.97903225806452,15.9755905511811,63.8023255813954,12.634126984127,51.1,19.8515873015873,30.6535433070866,1,1,1,1,1,3,15.8,8064941.39,0.180820381505185,0.195862653546056,0.389059758004342,0.173834870722236,0.859943977591036,0.547718628761449,0.000871281818647749,-0.315891,0.137205,0.118814,0.124665,0.207494358747421,0.153922553064868,0.000921349071418536,11,0.130155926,0.282222
"Saltator_coerulescens","floodplain",2,2,2,2,2,0.39355,NA,NA,13197,2135,6.181265,576.0515222,1229870,0.010730402,0.007563697,-1.485893461,4964.120534,18096,3175.510823,0.00274855,0.016033402,NA,NA,3.713281281,"Saltator_coerulescens_FMNH391613",6.089859208,0.034458,22.3461538461538,13.9375,8.83333333333333,10.9615384615385,26.7529411764706,100.676470588235,14.6083333333333,86.1833333333333,14.5083333333333,95.5,4,2,1,1,3,3,54.9,8191352.17,0.182443724117631,0.222905518458827,0.415251751192923,0.174479154748518,0.947072599531616,0.600127188970794,0.00165072290320324,-0.243128,0.104404,-0.0301394,0.13625,0.239181296106249,0.272737638009327,0.00218751973288742,1,0.120778998,0.261360909
"Saltator_grossus","upland",1,1,1,1,1,0.0025141,0.009340979,0.009720139,10453,2114,4.944655,592.3732261,1252277,0.008347195,0.00416699,-1.764239238,3407.895081,12423,1949.904762,0.001629607,0.010471325,NA,NA,3.545493844,"Saltator_grossus_AMNH12692",6.097700404,0.017834,21.3692307692308,14.1375,10.3,13.7125,23.7153846153846,96.0769230769231,17.9111111111111,78.6444444444444,18.5666666666667,87.4230769230769,1,1,1,2,3,3,44.2,6243128.13,0.0873544476931733,0.0965282128679772,0.363155790984273,0.0843195726259884,0.942207484604453,0.549965623575238,0.0011192640102925,-0.0984613,0.0471331,-0.0253539,0.0562286,0.0989377727124681,0.022995220311466,0.00113324449500447,1,0.134294795,0.099358182
"Schiffornis_major","floodplain",1,1,2,1,1.33,-0.037414,0.012324753,0.01286356,9188,2016,4.55754,579.8169643,1168911,0.007860308,0.005058965,-2.086803128,6331.355221,22462,3183.736842,0.00294193,0.019216176,0.013643974,0.008585009,3.80149668,"Schiffornis_major_FMNH457274",6.067781446,0.003994,15.9,9.36666666666667,4.83333333333333,5.43333333333333,18.8,78.3333333333333,9.3,69.0333333333333,11.7,55.3333333333333,1,1,1,2,1,3,31,3141459.06,0.0268686448275778,0.0189863040191262,0.339950112970921,0.0273028700520036,0.967213114754098,0.539334736972105,0.00176676657043101,0.0183267,-0.00328503,0.097847,-0.0473661,0.117415740001172,0.0128610213574819,0.00137908058578675,6,0.134102778,0.2361
"Schiffornis_turdina","upland",1,1,1,2,1.33,0.29987,NA,NA,11697,2120,5.517453,594.6891509,1260741,0.009277877,0.00535587,-1.912421199,4676.906,17049,2508.047619,0.002188573,0.014736572,0.006515477,0.000916789,3.687418728,"Schiffornis_turdina_KU18445",6.100625877,0.076374,17.7681818181818,10.18,5.10952380952381,5.87241379310345,21.7882352941176,90.05,15.1692307692308,73.8692307692308,17.0461538461538,69.8441176470588,1,1,1,2,3,3,31.7,5587673.67,0.222227960731535,0.249619435047226,0.431139983031807,0.213391909837835,0.922894985808893,0.598124342268209,0.00119782029749712,-0.198604,0.0886697,-0.0861174,0.200984,0.235068797073587,0.231294428603072,0.00152597513941432,1,0.097161257,0.292861818
"Serpophaga_hypoleuca","island",1,1,1,1,1,0.061599,0.001141793,0.001145846,2259,2154,1.048747,737.6467038,1588891,0.001421746,0.003687852,-1.229396472,2351.254243,7802,1693.775,0.00129803,0.004910343,0.005414558,0.001726706,3.371299592,"Serpophaga_hypoleuca_167_INPA_A1342",6.201094105,0.00761,11.32,6.3,3.1,2.6,17.08,47.1,7.6,39.5,16.14,45.1,3,2,1,3,4,3,6.1,557853.94,0.0527899415762674,0.0538275046263689,0.266809779131798,0.0523500576666722,0.703842549203374,0.414605774336182,0.000498565573846424,-0.00013913,0.0089544,0.0307945,0.0144316,0.0685734915819136,0.0326160511205455,0.000481883660901816,2,0.217074176,0.04839
"Stigmatura_napensis","island",1,1,1,1,1,0.024758,0.001136844,0.001140604,2198,2158,1.018536,737.1079703,1590679,0.0013818,0.004255774,-1.487148945,3665.509531,12163,2425.741667,0.00187348,0.00764642,0.006613472,0.002357698,3.564134353,"Stigmatura_napensis_130_INPA_A15960",6.201582548,0.012083,11.3933333333333,6.84285714285714,3.55714285714286,3.22142857142857,19.1588235294118,52.1294117647059,5.75454545454545,45.9818181818182,11.1454545454545,59.6764705882353,3,3,1,3,4,3,9.8,322846.59,0.0416118056353947,0.0409827728791895,0.248283014789555,0.0425926540748019,0.660622966062297,0.396736449764461,0.000524351795658976,-0.0010889,0.00966584,-0.0211105,0.0123685,0.0972524226123131,0.0238848521903516,0.000501659205787256,2,0.25420248,0.018253333
"Synallaxis_gujanensis","floodplain",2,2,2,2,2,0.50285,0.00999917,0.010370837,8192,2106,3.889839,589.7132004,1241936,0.006596153,0.004583245,-1.229469393,3062.798727,11165,2149.619048,0.00188101,0.008989996,0.005017373,0.000434128,3.486118458,"Synallaxis_gujanensis_AMNH11985",6.094099216,0.038737,15.56,9.74666666666667,3.3375,4.06875,21.7875,60.58125,5.475,53.8933333333333,9.175,71.96875,1,2,1,3,4,3,18.1,4462466.66,0.256064500944817,0.299522642994071,0.450954747672168,0.247074390298845,0.917063870352717,0.61738593720121,0.00122532574312393,-0.812223,0.330084,-0.98735,0.642135,0.217907663135873,0.272255367363075,0.00178006380666913,1,0.121009069,0.376007273
"Synallaxis_rutilans","upland",2,3,1,2,1.67,0.21604,NA,NA,6304,2126,2.965193,574.5832549,1221564,0.005160597,0.00340093,-1.810923163,2558.870266,9328,1435.077922,0.00137207,0.007636112,0.005508117,0.002107187,3.408048268,"Synallaxis_rutilans_LSUMNS31362",6.086916225,0.03066,14.86,9.05714285714286,3.31333333333333,4.28,19.5133333333333,59.5733333333333,7.23571428571429,52.1,12.2142857142857,70,1,1,1,3,4,3,16.7,5856806.86,0.189695445082154,0.198385780758298,0.399025976081444,0.183581463845849,0.870265151515151,0.552111090566516,0.000735216884203842,-0.292011,0.125256,0.0146647,0.159383,0.098121580278372,0.0931112865699172,0.000833401229301224,1,0.113334933,0.275446364
"Tachyphonus_cristatus","floodplain",2,2,1,1,1.33,0.055211,0.011389244,0.011829782,9958,2132,4.670732,577.0070356,1230179,0.008094757,0.005457692,-1.486051279,3972.902421,13183,2630.175,0.002281748,0.011332497,NA,NA,3.607791982,"Tachyphonus_cristatus_INPA1636",6.089968309,0.125937,15.9294117647059,11.15,5.62,6.85384615384615,18.1882352941176,76.2470588235294,14.25,60,19.1875,70.4176470588235,1,1,1,2,3,3,18.8,6338485.76,0.0592979571853178,0.0721312143579518,0.343000973148989,0.057444964296694,0.924377642085486,0.54652838730734,0.00148007314886015,-0.0567388,0.0333474,-0.0317664,0.0419392,0.087048825802668,0.040219251862483,0.00151316735943621,2,0.175206493,0.060885
"Tachyphonus_luctuosus","upland",1,1,1,1,1,0.022319,NA,NA,10680,2124,5.028249,586.3629944,1245435,0.008575317,0.005704589,-1.580042069,3735.160543,13616,2304.021645,0.00200111,0.01149237,NA,NA,3.583522454,"Tachyphonus_luctuosus_LSUMNS27928",6.095321066,0.025522,13.96,9.87058823529412,4.88333333333333,5.46315789473684,17.2952380952381,62.0909090909091,10.8,50.55,17.6416666666667,54.0454545454545,1,1,1,3,4,3,13,7144190.04,0.0597336028336385,0.0639865719954944,0.341574871816529,0.0583926166894787,0.919491525423729,0.526380345902679,0.00105392343783777,-0.0232967,0.0160079,0.00785472,0.0191371,0.0800184753971816,0.0190011715129042,0.0010779676973642,1,0.152124891,0.084303636
"Thamnophilus_cryptoleucus","island",4,4,2,3,3,0.17581,0.001600902,0.001605989,7015,2080,3.372596,610.9585025,1354495,0.005179052,0.005716428,-1.567548063,3653.435875,15150,2154.447619,0.001707354,0.01118498,0.009680921,0.003964493,3.562701489,"Thamnophilus_cryptoleucus_139_LSU25431",6.131777406,0.023976,24.2125,13.6,5.64,6.9,25.18,77.1533333333333,7.5625,70.3266666666667,9.8875,58.9466666666667,1,1,1,3,4,3,28.75,1671191.14,0.287821338455925,0.296276031543099,0.466730306425465,0.280643353007217,0.924760601915185,0.604391922271444,0.000898384985302552,-0.142653,0.0749799,0.447664,0.0974273,0.137771304285547,0.166147084978664,0.000973678949697531,9,0.093355723,0.39339
"Trogon_collaris","floodplain",2,2,2,2,2,0.22673,NA,NA,10788,2144,5.031716,581.8871269,1247566,0.008647238,0.004062234,-1.667709229,3397.93817,12055,2047.805263,0.001742675,0.012274301,NA,NA,3.623320013,"Trogon_collaris_FMNH456552",6.09606353,0.0123,20.2789473684211,11.2,8.25,9.08,13.3789473684211,121.210526315789,46.3428571428571,74.1571428571429,38.4214285714286,132.722222222222,1,1,1,2,4,3,65.4,6799060.77,0.131911769251075,0.150631897912557,0.385561498833461,0.126667412658695,0.934235074626866,0.570230618955181,0.00113511443346547,-0.246189,0.107986,-0.1474,0.153028,0.140546667940681,0.13007624836623,0.00129377479261388,1,0.108710382,0.311939
"Trogon_rufus","upland",2,1,2,1,1.33,0.067752,NA,NA,13083,2137,6.122134,583.1778194,1246251,0.010497885,0.004317903,-2.051440934,4461.563681,16264,2242.151515,0.001953093,0.016566486,NA,NA,3.733232317,"Trogon_rufus_FMNH389730",6.09560552,0.05251,19.8769230769231,11.6823529411765,8.86666666666667,9.84444444444444,13.1411764705882,113.090909090909,42.825,70.3166666666667,37.875,130.863636363636,1,1,1,2,3,3,53.8,6666233.02,0.0992290065900532,0.112552606800894,0.36666441494168,0.0950824515196287,0.937177684013127,0.552260902438528,0.00112939227708532,-0.0825578,0.0406369,0.0589105,0.0378313,0.0665019622006749,0.0460102736026965,0.00116528979510695,4,0.091161418,0.284634545
"Xiphorhynchus_elegans","upland",2,3,2,3,2.33,0.427,0.011482713,0.01200973,7514,2133,3.522738,577.1111111,1230978,0.00610409,0.005480363,-1.302289172,3232.198839,11467,2229.315789,0.002039645,0.009315357,0.004123984,-0.001356379,3.50949807,"Xiphorhynchus_elegans_INPA8144",6.090250291,0.094309,31.24,22.8964285714286,5.60967741935484,6.1741935483871,21.7838709677419,96.4516129032258,20.0896551724138,76.5379310344828,20.7827586206897,82.7083333333333,1,1,1,3,4,3,32.85,3945552.89,0.266462829582058,0.293532958856999,0.449585908114135,0.256883748681616,0.889671361502347,0.604259581291489,0.00122072144268011,-1.60038,0.666652,-0.878057,0.671149,0.21195074844242,0.239319092144547,0.00134662416590033,1,0.117904865,0.41498
"Xiphorhynchus_obsoletus","floodplain",1,1,1,1,1,0.02948,0.009423875,0.009893814,5307,2112,2.512784,567.3536932,1198251,0.004428955,0.003282854,-1.517343244,2025.589413,7384,1280.168831,0.001172519,0.006162315,0.001125256,-0.002157598,3.306551418,"Xiphorhynchus_obsoletus_FMNH391089",6.0785478,0.001309,27,19.1,4.83333333333333,6.375,21.3888888888889,95.2666666666667,17.6625,76.9375,18.7,81.8,1,1,1,3,4,3,32.6,6665026.21,0.055261610623737,0.0613785321797141,0.309670351858769,0.0545803293785511,0.827406353722143,0.476030794686657,0.000714869849446451,-0.0735141,0.0350167,-0.0440883,0.0475647,0.0521890507313559,0.0190928962370123,0.000720539846096236,4,0.167007648,0.052579091
